Problem,Provider,OperationKind,Operation,Disposition,Status,gemm_kind,m,n,k,A,B,C,D,alpha,beta,split_k_mode,split_k_slices,batch_count,raster_order,runtime_input_datatype_a,runtime_input_datatype_b,use_pdl,enable_sm90_mixed_dtype_shuffle_test,swizzle_size,op_class,accum,cta_m,cta_n,cta_k,cluster_m,cluster_n,cluster_k,cluster_m_fallback,cluster_n_fallback,cluster_k_fallback,stages,warps_m,warps_n,warps_k,inst_m,inst_n,inst_k,min_cc,max_cc,Bytes,Flops,Flops/Byte,Runtime,GB/s,GFLOPs
1,CUTLASS,gemm,cutlass_simt_hgemm_256x128_8x2_nn_align1,passed,success,universal,128,14336,4096,f16:column,f16:column,f16:column,f16:column,1,0,serial,1,1,heuristic,invalid,invalid,false,false,1,simt,f16,256,128,8,1,1,1,1,1,1,2,4,2,1,1,1,1,50,1024,122159104,15036055552,123,0.789521,144.099,19044.5
1,CUTLASS,gemm,cutlass_tensorop_h884gemm_256x128_32x2_nn_align8,passed,success,universal,128,14336,4096,f16:column,f16:column,f16:column,f16:column,1,0,serial,1,1,heuristic,invalid,invalid,false,false,1,tensorop,f16,256,128,32,1,1,1,1,1,1,2,4,2,1,16,16,4,70,75,122159104,15036055552,123,0.319717,355.844,47029.2
1,CUTLASS,gemm,cutlass_tensorop_h1688gemm_256x128_32x2_nn_align8,passed,success,universal,128,14336,4096,f16:column,f16:column,f16:column,f16:column,1,0,serial,1,1,heuristic,invalid,invalid,false,false,1,tensorop,f16,256,128,32,1,1,1,1,1,1,2,4,2,1,16,8,8,75,1024,122159104,15036055552,123,0.219299,518.788,68564.3
2,CUTLASS,gemm,cutlass_simt_hgemm_256x128_8x2_nn_align1,passed,success,universal,256,14336,4096,f16:column,f16:column,f16:column,f16:column,1,0,serial,1,1,heuristic,invalid,invalid,false,false,1,simt,f16,256,128,8,1,1,1,1,1,1,2,4,2,1,1,1,1,50,1024,126877696,30072111104,237,1.40439,84.1388,21412.9
2,CUTLASS,gemm,cutlass_tensorop_h884gemm_256x128_32x2_nn_align8,passed,success,universal,256,14336,4096,f16:column,f16:column,f16:column,f16:column,1,0,serial,1,1,heuristic,invalid,invalid,false,false,1,tensorop,f16,256,128,32,1,1,1,1,1,1,2,4,2,1,16,16,4,70,75,126877696,30072111104,237,0.629533,187.701,47768.9
2,CUTLASS,gemm,cutlass_tensorop_h1688gemm_256x128_32x2_nn_align8,passed,success,universal,256,14336,4096,f16:column,f16:column,f16:column,f16:column,1,0,serial,1,1,heuristic,invalid,invalid,false,false,1,tensorop,f16,256,128,32,1,1,1,1,1,1,2,4,2,1,16,8,8,75,1024,126877696,30072111104,237,0.381977,309.349,78727.6
3,CUTLASS,gemm,cutlass_simt_hgemm_256x128_8x2_nn_align1,passed,success,universal,384,14336,4096,f16:column,f16:column,f16:column,f16:column,1,0,serial,1,1,heuristic,invalid,invalid,false,false,1,simt,f16,256,128,8,1,1,1,1,1,1,2,4,2,1,1,1,1,50,1024,131596288,45108166656,342,2.1267,57.6284,21210.4
3,CUTLASS,gemm,cutlass_tensorop_h884gemm_256x128_32x2_nn_align8,passed,success,universal,384,14336,4096,f16:column,f16:column,f16:column,f16:column,1,0,serial,1,1,heuristic,invalid,invalid,false,false,1,tensorop,f16,256,128,32,1,1,1,1,1,1,2,4,2,1,16,16,4,70,75,131596288,45108166656,342,0.938181,130.634,48080.5
3,CUTLASS,gemm,cutlass_tensorop_h1688gemm_256x128_32x2_nn_align8,passed,success,universal,384,14336,4096,f16:column,f16:column,f16:column,f16:column,1,0,serial,1,1,heuristic,invalid,invalid,false,false,1,tensorop,f16,256,128,32,1,1,1,1,1,1,2,4,2,1,16,8,8,75,1024,131596288,45108166656,342,0.572334,214.138,78814.4
4,CUTLASS,gemm,cutlass_simt_hgemm_256x128_8x2_nn_align1,passed,success,universal,512,14336,4096,f16:column,f16:column,f16:column,f16:column,1,0,serial,1,1,heuristic,invalid,invalid,false,false,1,simt,f16,256,128,8,1,1,1,1,1,1,2,4,2,1,1,1,1,50,1024,136314880,60144222208,441,2.85331,44.4932,21078.7
4,CUTLASS,gemm,cutlass_tensorop_h884gemm_256x128_32x2_nn_align8,passed,success,universal,512,14336,4096,f16:column,f16:column,f16:column,f16:column,1,0,serial,1,1,heuristic,invalid,invalid,false,false,1,tensorop,f16,256,128,32,1,1,1,1,1,1,2,4,2,1,16,16,4,70,75,136314880,60144222208,441,1.24929,101.62,48142.8
4,CUTLASS,gemm,cutlass_tensorop_h1688gemm_256x128_32x2_nn_align8,passed,success,universal,512,14336,4096,f16:column,f16:column,f16:column,f16:column,1,0,serial,1,1,heuristic,invalid,invalid,false,false,1,tensorop,f16,256,128,32,1,1,1,1,1,1,2,4,2,1,16,8,8,75,1024,136314880,60144222208,441,0.750484,169.162,80140.6
5,CUTLASS,gemm,cutlass_simt_hgemm_256x128_8x2_nn_align1,passed,success,universal,640,14336,4096,f16:column,f16:column,f16:column,f16:column,1,0,serial,1,1,heuristic,invalid,invalid,false,false,1,simt,f16,256,128,8,1,1,1,1,1,1,2,4,2,1,1,1,1,50,1024,141033472,75180277760,533,3.04581,43.1241,24683.2
5,CUTLASS,gemm,cutlass_tensorop_h884gemm_256x128_32x2_nn_align8,passed,success,universal,640,14336,4096,f16:column,f16:column,f16:column,f16:column,1,0,serial,1,1,heuristic,invalid,invalid,false,false,1,tensorop,f16,256,128,32,1,1,1,1,1,1,2,4,2,1,16,16,4,70,75,141033472,75180277760,533,1.35305,97.0751,55563.5
5,CUTLASS,gemm,cutlass_tensorop_h1688gemm_256x128_32x2_nn_align8,passed,success,universal,640,14336,4096,f16:column,f16:column,f16:column,f16:column,1,0,serial,1,1,heuristic,invalid,invalid,false,false,1,tensorop,f16,256,128,32,1,1,1,1,1,1,2,4,2,1,16,8,8,75,1024,141033472,75180277760,533,0.849287,154.656,88521.7
6,CUTLASS,gemm,cutlass_simt_hgemm_256x128_8x2_nn_align1,passed,success,universal,768,14336,4096,f16:column,f16:column,f16:column,f16:column,1,0,serial,1,1,heuristic,invalid,invalid,false,false,1,simt,f16,256,128,8,1,1,1,1,1,1,2,4,2,1,1,1,1,50,1024,145752064,90216333312,618,3.77004,36.0055,23929.8
6,CUTLASS,gemm,cutlass_tensorop_h884gemm_256x128_32x2_nn_align8,passed,success,universal,768,14336,4096,f16:column,f16:column,f16:column,f16:column,1,0,serial,1,1,heuristic,invalid,invalid,false,false,1,tensorop,f16,256,128,32,1,1,1,1,1,1,2,4,2,1,16,16,4,70,75,145752064,90216333312,618,1.64583,82.4766,54815.2
6,CUTLASS,gemm,cutlass_tensorop_h1688gemm_256x128_32x2_nn_align8,passed,success,universal,768,14336,4096,f16:column,f16:column,f16:column,f16:column,1,0,serial,1,1,heuristic,invalid,invalid,false,false,1,tensorop,f16,256,128,32,1,1,1,1,1,1,2,4,2,1,16,8,8,75,1024,145752064,90216333312,618,0.99882,135.903,90322.9
7,CUTLASS,gemm,cutlass_simt_hgemm_256x128_8x2_nn_align1,passed,success,universal,896,14336,4096,f16:column,f16:column,f16:column,f16:column,1,0,serial,1,1,heuristic,invalid,invalid,false,false,1,simt,f16,256,128,8,1,1,1,1,1,1,2,4,2,1,1,1,1,50,1024,150470656,105252388864,699,4.52015,31.0027,23285.2
7,CUTLASS,gemm,cutlass_tensorop_h884gemm_256x128_32x2_nn_align8,passed,success,universal,896,14336,4096,f16:column,f16:column,f16:column,f16:column,1,0,serial,1,1,heuristic,invalid,invalid,false,false,1,tensorop,f16,256,128,32,1,1,1,1,1,1,2,4,2,1,16,16,4,70,75,150470656,105252388864,699,1.96804,71.2062,53480.8
7,CUTLASS,gemm,cutlass_tensorop_h1688gemm_256x128_32x2_nn_align8,passed,success,universal,896,14336,4096,f16:column,f16:column,f16:column,f16:column,1,0,serial,1,1,heuristic,invalid,invalid,false,false,1,tensorop,f16,256,128,32,1,1,1,1,1,1,2,4,2,1,16,8,8,75,1024,150470656,105252388864,699,1.18835,117.925,88570
8,CUTLASS,gemm,cutlass_simt_hgemm_256x128_8x2_nn_align1,passed,success,universal,1024,14336,4096,f16:column,f16:column,f16:column,f16:column,1,0,serial,1,1,heuristic,invalid,invalid,false,false,1,simt,f16,256,128,8,1,1,1,1,1,1,2,4,2,1,1,1,1,50,1024,155189248,120288444416,775,5.2875,27.3345,22749.6
8,CUTLASS,gemm,cutlass_tensorop_h884gemm_256x128_32x2_nn_align8,passed,success,universal,1024,14336,4096,f16:column,f16:column,f16:column,f16:column,1,0,serial,1,1,heuristic,invalid,invalid,false,false,1,tensorop,f16,256,128,32,1,1,1,1,1,1,2,4,2,1,16,16,4,70,75,155189248,120288444416,775,2.29569,62.9576,52397.4
8,CUTLASS,gemm,cutlass_tensorop_h1688gemm_256x128_32x2_nn_align8,passed,success,universal,1024,14336,4096,f16:column,f16:column,f16:column,f16:column,1,0,serial,1,1,heuristic,invalid,invalid,false,false,1,tensorop,f16,256,128,32,1,1,1,1,1,1,2,4,2,1,16,8,8,75,1024,155189248,120288444416,775,1.36797,105.654,87932.2
9,CUTLASS,gemm,cutlass_simt_hgemm_256x128_8x2_nn_align1,passed,success,universal,1152,14336,4096,f16:column,f16:column,f16:column,f16:column,1,0,serial,1,1,heuristic,invalid,invalid,false,false,1,simt,f16,256,128,8,1,1,1,1,1,1,2,4,2,1,1,1,1,50,1024,159907840,135324499968,846,5.51679,26.995,24529.6
9,CUTLASS,gemm,cutlass_tensorop_h884gemm_256x128_32x2_nn_align8,passed,success,universal,1152,14336,4096,f16:column,f16:column,f16:column,f16:column,1,0,serial,1,1,heuristic,invalid,invalid,false,false,1,tensorop,f16,256,128,32,1,1,1,1,1,1,2,4,2,1,16,16,4,70,75,159907840,135324499968,846,2.38232,62.5129,56803.7
9,CUTLASS,gemm,cutlass_tensorop_h1688gemm_256x128_32x2_nn_align8,passed,success,universal,1152,14336,4096,f16:column,f16:column,f16:column,f16:column,1,0,serial,1,1,heuristic,invalid,invalid,false,false,1,tensorop,f16,256,128,32,1,1,1,1,1,1,2,4,2,1,16,8,8,75,1024,159907840,135324499968,846,1.46723,101.501,92231.1
10,CUTLASS,gemm,cutlass_simt_hgemm_256x128_8x2_nn_align1,passed,success,universal,1280,14336,4096,f16:column,f16:column,f16:column,f16:column,1,0,serial,1,1,heuristic,invalid,invalid,false,false,1,simt,f16,256,128,8,1,1,1,1,1,1,2,4,2,1,1,1,1,50,1024,164626432,150360555520,913,6.22973,24.6111,24136
10,CUTLASS,gemm,cutlass_tensorop_h884gemm_256x128_32x2_nn_align8,passed,success,universal,1280,14336,4096,f16:column,f16:column,f16:column,f16:column,1,0,serial,1,1,heuristic,invalid,invalid,false,false,1,tensorop,f16,256,128,32,1,1,1,1,1,1,2,4,2,1,16,16,4,70,75,164626432,150360555520,913,2.71609,56.4488,55359.1
10,CUTLASS,gemm,cutlass_tensorop_h1688gemm_256x128_32x2_nn_align8,passed,success,universal,1280,14336,4096,f16:column,f16:column,f16:column,f16:column,1,0,serial,1,1,heuristic,invalid,invalid,false,false,1,tensorop,f16,256,128,32,1,1,1,1,1,1,2,4,2,1,16,8,8,75,1024,164626432,150360555520,913,1.65343,92.7289,90938.8
11,CUTLASS,gemm,cutlass_simt_hgemm_256x128_8x2_nn_align1,passed,success,universal,1408,14336,4096,f16:column,f16:column,f16:column,f16:column,1,0,serial,1,1,heuristic,invalid,invalid,false,false,1,simt,f16,256,128,8,1,1,1,1,1,1,2,4,2,1,1,1,1,50,1024,169345024,165396611072,976,7.08357,22.2649,23349.3
11,CUTLASS,gemm,cutlass_tensorop_h884gemm_256x128_32x2_nn_align8,passed,success,universal,1408,14336,4096,f16:column,f16:column,f16:column,f16:column,1,0,serial,1,1,heuristic,invalid,invalid,false,false,1,tensorop,f16,256,128,32,1,1,1,1,1,1,2,4,2,1,16,16,4,70,75,169345024,165396611072,976,3.09153,51.0151,53499.9
11,CUTLASS,gemm,cutlass_tensorop_h1688gemm_256x128_32x2_nn_align8,passed,success,universal,1408,14336,4096,f16:column,f16:column,f16:column,f16:column,1,0,serial,1,1,heuristic,invalid,invalid,false,false,1,tensorop,f16,256,128,32,1,1,1,1,1,1,2,4,2,1,16,8,8,75,1024,169345024,165396611072,976,1.83008,86.1791,90376.6
12,CUTLASS,gemm,cutlass_simt_hgemm_256x128_8x2_nn_align1,passed,success,universal,1536,14336,4096,f16:column,f16:column,f16:column,f16:column,1,0,serial,1,1,heuristic,invalid,invalid,false,false,1,simt,f16,256,128,8,1,1,1,1,1,1,2,4,2,1,1,1,1,50,1024,174063616,180432666624,1036,7.9112,20.4911,22807.2
12,CUTLASS,gemm,cutlass_tensorop_h884gemm_256x128_32x2_nn_align8,passed,success,universal,1536,14336,4096,f16:column,f16:column,f16:column,f16:column,1,0,serial,1,1,heuristic,invalid,invalid,false,false,1,tensorop,f16,256,128,32,1,1,1,1,1,1,2,4,2,1,16,16,4,70,75,174063616,180432666624,1036,3.43545,47.1873,52520.9
12,CUTLASS,gemm,cutlass_tensorop_h1688gemm_256x128_32x2_nn_align8,passed,success,universal,1536,14336,4096,f16:column,f16:column,f16:column,f16:column,1,0,serial,1,1,heuristic,invalid,invalid,false,false,1,tensorop,f16,256,128,32,1,1,1,1,1,1,2,4,2,1,16,8,8,75,1024,174063616,180432666624,1036,2.00554,80.8307,89967
13,CUTLASS,gemm,cutlass_simt_hgemm_256x128_8x2_nn_align1,passed,success,universal,1664,14336,4096,f16:column,f16:column,f16:column,f16:column,1,0,serial,1,1,heuristic,invalid,invalid,false,false,1,simt,f16,256,128,8,1,1,1,1,1,1,2,4,2,1,1,1,1,50,1024,178782208,195468722176,1093,8.64127,19.2685,22620.4
13,CUTLASS,gemm,cutlass_tensorop_h884gemm_256x128_32x2_nn_align8,passed,success,universal,1664,14336,4096,f16:column,f16:column,f16:column,f16:column,1,0,serial,1,1,heuristic,invalid,invalid,false,false,1,tensorop,f16,256,128,32,1,1,1,1,1,1,2,4,2,1,16,16,4,70,75,178782208,195468722176,1093,3.79693,43.8522,51480.7
13,CUTLASS,gemm,cutlass_tensorop_h1688gemm_256x128_32x2_nn_align8,passed,success,universal,1664,14336,4096,f16:column,f16:column,f16:column,f16:column,1,0,serial,1,1,heuristic,invalid,invalid,false,false,1,tensorop,f16,256,128,32,1,1,1,1,1,1,2,4,2,1,16,8,8,75,1024,178782208,195468722176,1093,2.20115,75.644,88802.9
14,CUTLASS,gemm,cutlass_simt_hgemm_256x128_8x2_nn_align1,passed,success,universal,1792,14336,4096,f16:column,f16:column,f16:column,f16:column,1,0,serial,1,1,heuristic,invalid,invalid,false,false,1,simt,f16,256,128,8,1,1,1,1,1,1,2,4,2,1,1,1,1,50,1024,183500800,210504777728,1147,8.99571,18.9978,23400.6
14,CUTLASS,gemm,cutlass_tensorop_h884gemm_256x128_32x2_nn_align8,passed,success,universal,1792,14336,4096,f16:column,f16:column,f16:column,f16:column,1,0,serial,1,1,heuristic,invalid,invalid,false,false,1,tensorop,f16,256,128,32,1,1,1,1,1,1,2,4,2,1,16,16,4,70,75,183500800,210504777728,1147,3.89839,43.8382,53997.9
14,CUTLASS,gemm,cutlass_tensorop_h1688gemm_256x128_32x2_nn_align8,passed,success,universal,1792,14336,4096,f16:column,f16:column,f16:column,f16:column,1,0,serial,1,1,heuristic,invalid,invalid,false,false,1,tensorop,f16,256,128,32,1,1,1,1,1,1,2,4,2,1,16,8,8,75,1024,183500800,210504777728,1147,2.24938,75.9758,93583.4
15,CUTLASS,gemm,cutlass_simt_hgemm_256x128_8x2_nn_align1,passed,success,universal,1920,14336,4096,f16:column,f16:column,f16:column,f16:column,1,0,serial,1,1,heuristic,invalid,invalid,false,false,1,simt,f16,256,128,8,1,1,1,1,1,1,2,4,2,1,1,1,1,50,1024,188219392,225540833280,1198,9.68225,18.1046,23294.3
15,CUTLASS,gemm,cutlass_tensorop_h884gemm_256x128_32x2_nn_align8,passed,success,universal,1920,14336,4096,f16:column,f16:column,f16:column,f16:column,1,0,serial,1,1,heuristic,invalid,invalid,false,false,1,tensorop,f16,256,128,32,1,1,1,1,1,1,2,4,2,1,16,16,4,70,75,188219392,225540833280,1198,4.20284,41.7082,53663.9
15,CUTLASS,gemm,cutlass_tensorop_h1688gemm_256x128_32x2_nn_align8,passed,success,universal,1920,14336,4096,f16:column,f16:column,f16:column,f16:column,1,0,serial,1,1,heuristic,invalid,invalid,false,false,1,tensorop,f16,256,128,32,1,1,1,1,1,1,2,4,2,1,16,8,8,75,1024,188219392,225540833280,1198,2.4559,71.3762,91836.2
16,CUTLASS,gemm,cutlass_simt_hgemm_256x128_8x2_nn_align1,passed,success,universal,2048,14336,4096,f16:column,f16:column,f16:column,f16:column,1,0,serial,1,1,heuristic,invalid,invalid,false,false,1,simt,f16,256,128,8,1,1,1,1,1,1,2,4,2,1,1,1,1,50,1024,192937984,240576888832,1246,10.4965,17.1188,22919.7
16,CUTLASS,gemm,cutlass_tensorop_h884gemm_256x128_32x2_nn_align8,passed,success,universal,2048,14336,4096,f16:column,f16:column,f16:column,f16:column,1,0,serial,1,1,heuristic,invalid,invalid,false,false,1,tensorop,f16,256,128,32,1,1,1,1,1,1,2,4,2,1,16,16,4,70,75,192937984,240576888832,1246,4.5543,39.4545,52824.1
16,CUTLASS,gemm,cutlass_tensorop_h1688gemm_256x128_32x2_nn_align8,passed,success,universal,2048,14336,4096,f16:column,f16:column,f16:column,f16:column,1,0,serial,1,1,heuristic,invalid,invalid,false,false,1,tensorop,f16,256,128,32,1,1,1,1,1,1,2,4,2,1,16,8,8,75,1024,192937984,240576888832,1246,2.63352,68.2309,91351.8
17,CUTLASS,gemm,cutlass_simt_hgemm_256x128_8x2_nn_align1,passed,success,universal,128,14336,4096,f16:column,f16:column,f16:column,f16:column,1,0,serial,2,1,heuristic,invalid,invalid,false,false,1,simt,f16,256,128,8,1,1,1,1,1,1,2,4,2,1,1,1,1,50,1024,122159104,15036055552,123,0.828994,137.238,18137.7
17,CUTLASS,gemm,cutlass_tensorop_h884gemm_256x128_32x2_nn_align8,passed,success,universal,128,14336,4096,f16:column,f16:column,f16:column,f16:column,1,0,serial,2,1,heuristic,invalid,invalid,false,false,1,tensorop,f16,256,128,32,1,1,1,1,1,1,2,4,2,1,16,16,4,70,75,122159104,15036055552,123,0.366208,310.669,41058.8
17,CUTLASS,gemm,cutlass_tensorop_h1688gemm_256x128_32x2_nn_align8,passed,success,universal,128,14336,4096,f16:column,f16:column,f16:column,f16:column,1,0,serial,2,1,heuristic,invalid,invalid,false,false,1,tensorop,f16,256,128,32,1,1,1,1,1,1,2,4,2,1,16,8,8,75,1024,122159104,15036055552,123,0.244288,465.718,61550.5
18,CUTLASS,gemm,cutlass_simt_hgemm_256x128_8x2_nn_align1,passed,success,universal,256,14336,4096,f16:column,f16:column,f16:column,f16:column,1,0,serial,2,1,heuristic,invalid,invalid,false,false,1,simt,f16,256,128,8,1,1,1,1,1,1,2,4,2,1,1,1,1,50,1024,126877696,30072111104,237,1.53137,77.1621,19637.3
18,CUTLASS,gemm,cutlass_tensorop_h884gemm_256x128_32x2_nn_align8,passed,success,universal,256,14336,4096,f16:column,f16:column,f16:column,f16:column,1,0,serial,2,1,heuristic,invalid,invalid,false,false,1,tensorop,f16,256,128,32,1,1,1,1,1,1,2,4,2,1,16,16,4,70,75,126877696,30072111104,237,0.68524,172.442,43885.5
18,CUTLASS,gemm,cutlass_tensorop_h1688gemm_256x128_32x2_nn_align8,passed,success,universal,256,14336,4096,f16:column,f16:column,f16:column,f16:column,1,0,serial,2,1,heuristic,invalid,invalid,false,false,1,tensorop,f16,256,128,32,1,1,1,1,1,1,2,4,2,1,16,8,8,75,1024,126877696,30072111104,237,0.423898,278.756,70941.9
19,CUTLASS,gemm,cutlass_simt_hgemm_256x128_8x2_nn_align1,passed,success,universal,384,14336,4096,f16:column,f16:column,f16:column,f16:column,1,0,serial,2,1,heuristic,invalid,invalid,false,false,1,simt,f16,256,128,8,1,1,1,1,1,1,2,4,2,1,1,1,1,50,1024,131596288,45108166656,342,2.0179,60.7357,22354
19,CUTLASS,gemm,cutlass_tensorop_h884gemm_256x128_32x2_nn_align8,passed,success,universal,384,14336,4096,f16:column,f16:column,f16:column,f16:column,1,0,serial,2,1,heuristic,invalid,invalid,false,false,1,tensorop,f16,256,128,32,1,1,1,1,1,1,2,4,2,1,16,16,4,70,75,131596288,45108166656,342,0.881172,139.086,51191.1
19,CUTLASS,gemm,cutlass_tensorop_h1688gemm_256x128_32x2_nn_align8,passed,success,universal,384,14336,4096,f16:column,f16:column,f16:column,f16:column,1,0,serial,2,1,heuristic,invalid,invalid,false,false,1,tensorop,f16,256,128,32,1,1,1,1,1,1,2,4,2,1,16,8,8,75,1024,131596288,45108166656,342,0.555971,220.441,81134.1
20,CUTLASS,gemm,cutlass_simt_hgemm_256x128_8x2_nn_align1,passed,success,universal,512,14336,4096,f16:column,f16:column,f16:column,f16:column,1,0,serial,2,1,heuristic,invalid,invalid,false,false,1,simt,f16,256,128,8,1,1,1,1,1,1,2,4,2,1,1,1,1,50,1024,136314880,60144222208,441,2.80046,45.333,21476.6
20,CUTLASS,gemm,cutlass_tensorop_h884gemm_256x128_32x2_nn_align8,passed,success,universal,512,14336,4096,f16:column,f16:column,f16:column,f16:column,1,0,serial,2,1,heuristic,invalid,invalid,false,false,1,tensorop,f16,256,128,32,1,1,1,1,1,1,2,4,2,1,16,16,4,70,75,136314880,60144222208,441,1.20205,105.614,50034.6
20,CUTLASS,gemm,cutlass_tensorop_h1688gemm_256x128_32x2_nn_align8,passed,success,universal,512,14336,4096,f16:column,f16:column,f16:column,f16:column,1,0,serial,2,1,heuristic,invalid,invalid,false,false,1,tensorop,f16,256,128,32,1,1,1,1,1,1,2,4,2,1,16,8,8,75,1024,136314880,60144222208,441,0.740332,171.481,81239.5
21,CUTLASS,gemm,cutlass_simt_hgemm_256x128_8x2_nn_align1,passed,success,universal,640,14336,4096,f16:column,f16:column,f16:column,f16:column,1,0,serial,2,1,heuristic,invalid,invalid,false,false,1,simt,f16,256,128,8,1,1,1,1,1,1,2,4,2,1,1,1,1,50,1024,141033472,75180277760,533,3.264,40.2414,23033.2
21,CUTLASS,gemm,cutlass_tensorop_h884gemm_256x128_32x2_nn_align8,passed,success,universal,640,14336,4096,f16:column,f16:column,f16:column,f16:column,1,0,serial,2,1,heuristic,invalid,invalid,false,false,1,tensorop,f16,256,128,32,1,1,1,1,1,1,2,4,2,1,16,16,4,70,75,141033472,75180277760,533,1.42566,92.131,52733.6
21,CUTLASS,gemm,cutlass_tensorop_h1688gemm_256x128_32x2_nn_align8,passed,success,universal,640,14336,4096,f16:column,f16:column,f16:column,f16:column,1,0,serial,2,1,heuristic,invalid,invalid,false,false,1,tensorop,f16,256,128,32,1,1,1,1,1,1,2,4,2,1,16,8,8,75,1024,141033472,75180277760,533,0.921068,142.604,81623
22,CUTLASS,gemm,cutlass_simt_hgemm_256x128_8x2_nn_align1,passed,success,universal,768,14336,4096,f16:column,f16:column,f16:column,f16:column,1,0,serial,2,1,heuristic,invalid,invalid,false,false,1,simt,f16,256,128,8,1,1,1,1,1,1,2,4,2,1,1,1,1,50,1024,145752064,90216333312,618,4.01452,33.8128,22472.5
22,CUTLASS,gemm,cutlass_tensorop_h884gemm_256x128_32x2_nn_align8,passed,success,universal,768,14336,4096,f16:column,f16:column,f16:column,f16:column,1,0,serial,2,1,heuristic,invalid,invalid,false,false,1,tensorop,f16,256,128,32,1,1,1,1,1,1,2,4,2,1,16,16,4,70,75,145752064,90216333312,618,1.73548,78.216,51983.6
22,CUTLASS,gemm,cutlass_tensorop_h1688gemm_256x128_32x2_nn_align8,passed,success,universal,768,14336,4096,f16:column,f16:column,f16:column,f16:column,1,0,serial,2,1,heuristic,invalid,invalid,false,false,1,tensorop,f16,256,128,32,1,1,1,1,1,1,2,4,2,1,16,8,8,75,1024,145752064,90216333312,618,1.0623,127.782,84925.6
23,CUTLASS,gemm,cutlass_simt_hgemm_256x128_8x2_nn_align1,passed,success,universal,896,14336,4096,f16:column,f16:column,f16:column,f16:column,1,0,serial,2,1,heuristic,invalid,invalid,false,false,1,simt,f16,256,128,8,1,1,1,1,1,1,2,4,2,1,1,1,1,50,1024,150470656,105252388864,699,4.57288,30.6452,23016.7
23,CUTLASS,gemm,cutlass_tensorop_h884gemm_256x128_32x2_nn_align8,passed,success,universal,896,14336,4096,f16:column,f16:column,f16:column,f16:column,1,0,serial,2,1,heuristic,invalid,invalid,false,false,1,tensorop,f16,256,128,32,1,1,1,1,1,1,2,4,2,1,16,16,4,70,75,150470656,105252388864,699,1.98502,70.5971,53023.4
23,CUTLASS,gemm,cutlass_tensorop_h1688gemm_256x128_32x2_nn_align8,passed,success,universal,896,14336,4096,f16:column,f16:column,f16:column,f16:column,1,0,serial,2,1,heuristic,invalid,invalid,false,false,1,tensorop,f16,256,128,32,1,1,1,1,1,1,2,4,2,1,16,8,8,75,1024,150470656,105252388864,699,1.18715,118.044,88659.5
24,CUTLASS,gemm,cutlass_simt_hgemm_256x128_8x2_nn_align1,passed,success,universal,1024,14336,4096,f16:column,f16:column,f16:column,f16:column,1,0,serial,2,1,heuristic,invalid,invalid,false,false,1,simt,f16,256,128,8,1,1,1,1,1,1,2,4,2,1,1,1,1,50,1024,155189248,120288444416,775,5.33454,27.0935,22549
24,CUTLASS,gemm,cutlass_tensorop_h884gemm_256x128_32x2_nn_align8,passed,success,universal,1024,14336,4096,f16:column,f16:column,f16:column,f16:column,1,0,serial,2,1,heuristic,invalid,invalid,false,false,1,tensorop,f16,256,128,32,1,1,1,1,1,1,2,4,2,1,16,16,4,70,75,155189248,120288444416,775,2.3312,61.9987,51599.4
24,CUTLASS,gemm,cutlass_tensorop_h1688gemm_256x128_32x2_nn_align8,passed,success,universal,1024,14336,4096,f16:column,f16:column,f16:column,f16:column,1,0,serial,2,1,heuristic,invalid,invalid,false,false,1,tensorop,f16,256,128,32,1,1,1,1,1,1,2,4,2,1,16,8,8,75,1024,155189248,120288444416,775,1.36894,105.579,87870
25,CUTLASS,gemm,cutlass_simt_hgemm_256x128_8x2_nn_align1,passed,success,universal,1152,14336,4096,f16:column,f16:column,f16:column,f16:column,1,0,serial,2,1,heuristic,invalid,invalid,false,false,1,simt,f16,256,128,8,1,1,1,1,1,1,2,4,2,1,1,1,1,50,1024,159907840,135324499968,846,5.83145,25.5384,23206
25,CUTLASS,gemm,cutlass_tensorop_h884gemm_256x128_32x2_nn_align8,passed,success,universal,1152,14336,4096,f16:column,f16:column,f16:column,f16:column,1,0,serial,2,1,heuristic,invalid,invalid,false,false,1,tensorop,f16,256,128,32,1,1,1,1,1,1,2,4,2,1,16,16,4,70,75,159907840,135324499968,846,2.58066,57.7083,52437.9
25,CUTLASS,gemm,cutlass_tensorop_h1688gemm_256x128_32x2_nn_align8,passed,success,universal,1152,14336,4096,f16:column,f16:column,f16:column,f16:column,1,0,serial,2,1,heuristic,invalid,invalid,false,false,1,tensorop,f16,256,128,32,1,1,1,1,1,1,2,4,2,1,16,8,8,75,1024,159907840,135324499968,846,1.54833,96.1848,87400.4
26,CUTLASS,gemm,cutlass_simt_hgemm_256x128_8x2_nn_align1,passed,success,universal,1280,14336,4096,f16:column,f16:column,f16:column,f16:column,1,0,serial,2,1,heuristic,invalid,invalid,false,false,1,simt,f16,256,128,8,1,1,1,1,1,1,2,4,2,1,1,1,1,50,1024,164626432,150360555520,913,6.64586,23.07,22624.7
26,CUTLASS,gemm,cutlass_tensorop_h884gemm_256x128_32x2_nn_align8,passed,success,universal,1280,14336,4096,f16:column,f16:column,f16:column,f16:column,1,0,serial,2,1,heuristic,invalid,invalid,false,false,1,tensorop,f16,256,128,32,1,1,1,1,1,1,2,4,2,1,16,16,4,70,75,164626432,150360555520,913,2.88208,53.1978,52170.8
26,CUTLASS,gemm,cutlass_tensorop_h1688gemm_256x128_32x2_nn_align8,passed,success,universal,1280,14336,4096,f16:column,f16:column,f16:column,f16:column,1,0,serial,2,1,heuristic,invalid,invalid,false,false,1,tensorop,f16,256,128,32,1,1,1,1,1,1,2,4,2,1,16,8,8,75,1024,164626432,150360555520,913,1.72915,88.6683,86956.6
27,CUTLASS,gemm,cutlass_simt_hgemm_256x128_8x2_nn_align1,passed,success,universal,1408,14336,4096,f16:column,f16:column,f16:column,f16:column,1,0,serial,2,1,heuristic,invalid,invalid,false,false,1,simt,f16,256,128,8,1,1,1,1,1,1,2,4,2,1,1,1,1,50,1024,169345024,165396611072,976,7.31319,21.5658,22616.2
27,CUTLASS,gemm,cutlass_tensorop_h884gemm_256x128_32x2_nn_align8,passed,success,universal,1408,14336,4096,f16:column,f16:column,f16:column,f16:column,1,0,serial,2,1,heuristic,invalid,invalid,false,false,1,tensorop,f16,256,128,32,1,1,1,1,1,1,2,4,2,1,16,16,4,70,75,169345024,165396611072,976,3.19691,49.3335,51736.4
27,CUTLASS,gemm,cutlass_tensorop_h1688gemm_256x128_32x2_nn_align8,passed,success,universal,1408,14336,4096,f16:column,f16:column,f16:column,f16:column,1,0,serial,2,1,heuristic,invalid,invalid,false,false,1,tensorop,f16,256,128,32,1,1,1,1,1,1,2,4,2,1,16,8,8,75,1024,169345024,165396611072,976,1.90412,82.8282,86862.5
28,CUTLASS,gemm,cutlass_simt_hgemm_256x128_8x2_nn_align1,passed,success,universal,1536,14336,4096,f16:column,f16:column,f16:column,f16:column,1,0,serial,2,1,heuristic,invalid,invalid,false,false,1,simt,f16,256,128,8,1,1,1,1,1,1,2,4,2,1,1,1,1,50,1024,174063616,180432666624,1036,7.85493,20.6379,22970.6
28,CUTLASS,gemm,cutlass_tensorop_h884gemm_256x128_32x2_nn_align8,passed,success,universal,1536,14336,4096,f16:column,f16:column,f16:column,f16:column,1,0,serial,2,1,heuristic,invalid,invalid,false,false,1,tensorop,f16,256,128,32,1,1,1,1,1,1,2,4,2,1,16,16,4,70,75,174063616,180432666624,1036,3.43003,47.2618,52603.8
28,CUTLASS,gemm,cutlass_tensorop_h1688gemm_256x128_32x2_nn_align8,passed,success,universal,1536,14336,4096,f16:column,f16:column,f16:column,f16:column,1,0,serial,2,1,heuristic,invalid,invalid,false,false,1,tensorop,f16,256,128,32,1,1,1,1,1,1,2,4,2,1,16,8,8,75,1024,174063616,180432666624,1036,2.04824,79.1459,88091.8
29,CUTLASS,gemm,cutlass_simt_hgemm_256x128_8x2_nn_align1,passed,success,universal,1664,14336,4096,f16:column,f16:column,f16:column,f16:column,1,0,serial,2,1,heuristic,invalid,invalid,false,false,1,simt,f16,256,128,8,1,1,1,1,1,1,2,4,2,1,1,1,1,50,1024,178782208,195468722176,1093,8.62769,19.2988,22656
29,CUTLASS,gemm,cutlass_tensorop_h884gemm_256x128_32x2_nn_align8,passed,success,universal,1664,14336,4096,f16:column,f16:column,f16:column,f16:column,1,0,serial,2,1,heuristic,invalid,invalid,false,false,1,tensorop,f16,256,128,32,1,1,1,1,1,1,2,4,2,1,16,16,4,70,75,178782208,195468722176,1093,3.78283,44.0157,51672.6
29,CUTLASS,gemm,cutlass_tensorop_h1688gemm_256x128_32x2_nn_align8,passed,success,universal,1664,14336,4096,f16:column,f16:column,f16:column,f16:column,1,0,serial,2,1,heuristic,invalid,invalid,false,false,1,tensorop,f16,256,128,32,1,1,1,1,1,1,2,4,2,1,16,8,8,75,1024,178782208,195468722176,1093,2.25522,73.8305,86673.9
30,CUTLASS,gemm,cutlass_simt_hgemm_256x128_8x2_nn_align1,passed,success,universal,1792,14336,4096,f16:column,f16:column,f16:column,f16:column,1,0,serial,2,1,heuristic,invalid,invalid,false,false,1,simt,f16,256,128,8,1,1,1,1,1,1,2,4,2,1,1,1,1,50,1024,183500800,210504777728,1147,9.12766,18.7231,23062.3
30,CUTLASS,gemm,cutlass_tensorop_h884gemm_256x128_32x2_nn_align8,passed,success,universal,1792,14336,4096,f16:column,f16:column,f16:column,f16:column,1,0,serial,2,1,heuristic,invalid,invalid,false,false,1,tensorop,f16,256,128,32,1,1,1,1,1,1,2,4,2,1,16,16,4,70,75,183500800,210504777728,1147,3.96845,43.0642,53044.5
30,CUTLASS,gemm,cutlass_tensorop_h1688gemm_256x128_32x2_nn_align8,passed,success,universal,1792,14336,4096,f16:column,f16:column,f16:column,f16:column,1,0,serial,2,1,heuristic,invalid,invalid,false,false,1,tensorop,f16,256,128,32,1,1,1,1,1,1,2,4,2,1,16,8,8,75,1024,183500800,210504777728,1147,2.36435,72.2812,89032.7
31,CUTLASS,gemm,cutlass_simt_hgemm_256x128_8x2_nn_align1,passed,success,universal,1920,14336,4096,f16:column,f16:column,f16:column,f16:column,1,0,serial,2,1,heuristic,invalid,invalid,false,false,1,simt,f16,256,128,8,1,1,1,1,1,1,2,4,2,1,1,1,1,50,1024,188219392,225540833280,1198,9.93907,17.6368,22692.4
31,CUTLASS,gemm,cutlass_tensorop_h884gemm_256x128_32x2_nn_align8,passed,success,universal,1920,14336,4096,f16:column,f16:column,f16:column,f16:column,1,0,serial,2,1,heuristic,invalid,invalid,false,false,1,tensorop,f16,256,128,32,1,1,1,1,1,1,2,4,2,1,16,16,4,70,75,188219392,225540833280,1198,4.35996,40.2052,51730
31,CUTLASS,gemm,cutlass_tensorop_h1688gemm_256x128_32x2_nn_align8,passed,success,universal,1920,14336,4096,f16:column,f16:column,f16:column,f16:column,1,0,serial,2,1,heuristic,invalid,invalid,false,false,1,tensorop,f16,256,128,32,1,1,1,1,1,1,2,4,2,1,16,8,8,75,1024,188219392,225540833280,1198,2.58533,67.8029,87238.7
32,CUTLASS,gemm,cutlass_simt_hgemm_256x128_8x2_nn_align1,passed,success,universal,2048,14336,4096,f16:column,f16:column,f16:column,f16:column,1,0,serial,2,1,heuristic,invalid,invalid,false,false,1,simt,f16,256,128,8,1,1,1,1,1,1,2,4,2,1,1,1,1,50,1024,192937984,240576888832,1246,10.4767,17.1512,22963.1
32,CUTLASS,gemm,cutlass_tensorop_h884gemm_256x128_32x2_nn_align8,passed,success,universal,2048,14336,4096,f16:column,f16:column,f16:column,f16:column,1,0,serial,2,1,heuristic,invalid,invalid,false,false,1,tensorop,f16,256,128,32,1,1,1,1,1,1,2,4,2,1,16,16,4,70,75,192937984,240576888832,1246,4.56235,39.3849,52730.9
32,CUTLASS,gemm,cutlass_tensorop_h1688gemm_256x128_32x2_nn_align8,passed,success,universal,2048,14336,4096,f16:column,f16:column,f16:column,f16:column,1,0,serial,2,1,heuristic,invalid,invalid,false,false,1,tensorop,f16,256,128,32,1,1,1,1,1,1,2,4,2,1,16,8,8,75,1024,192937984,240576888832,1246,2.72643,65.9058,88238.8
33,CUTLASS,gemm,cutlass_simt_hgemm_256x128_8x2_nn_align1,passed,success,universal,128,14336,4096,f16:column,f16:column,f16:column,f16:column,1,0,serial,4,1,heuristic,invalid,invalid,false,false,1,simt,f16,256,128,8,1,1,1,1,1,1,2,4,2,1,1,1,1,50,1024,122159104,15036055552,123,0.801991,141.859,18748.4
33,CUTLASS,gemm,cutlass_tensorop_h884gemm_256x128_32x2_nn_align8,passed,success,universal,128,14336,4096,f16:column,f16:column,f16:column,f16:column,1,0,serial,4,1,heuristic,invalid,invalid,false,false,1,tensorop,f16,256,128,32,1,1,1,1,1,1,2,4,2,1,16,16,4,70,75,122159104,15036055552,123,0.368884,308.416,40760.9
33,CUTLASS,gemm,cutlass_tensorop_h1688gemm_256x128_32x2_nn_align8,passed,success,universal,128,14336,4096,f16:column,f16:column,f16:column,f16:column,1,0,serial,4,1,heuristic,invalid,invalid,false,false,1,tensorop,f16,256,128,32,1,1,1,1,1,1,2,4,2,1,16,8,8,75,1024,122159104,15036055552,123,0.284029,400.555,52938.4
34,CUTLASS,gemm,cutlass_simt_hgemm_256x128_8x2_nn_align1,passed,success,universal,256,14336,4096,f16:column,f16:column,f16:column,f16:column,1,0,serial,4,1,heuristic,invalid,invalid,false,false,1,simt,f16,256,128,8,1,1,1,1,1,1,2,4,2,1,1,1,1,50,1024,126877696,30072111104,237,1.46247,80.7974,20562.5
34,CUTLASS,gemm,cutlass_tensorop_h884gemm_256x128_32x2_nn_align8,passed,success,universal,256,14336,4096,f16:column,f16:column,f16:column,f16:column,1,0,serial,4,1,heuristic,invalid,invalid,false,false,1,tensorop,f16,256,128,32,1,1,1,1,1,1,2,4,2,1,16,16,4,70,75,126877696,30072111104,237,0.646419,182.798,46521.1
34,CUTLASS,gemm,cutlass_tensorop_h1688gemm_256x128_32x2_nn_align8,passed,success,universal,256,14336,4096,f16:column,f16:column,f16:column,f16:column,1,0,serial,4,1,heuristic,invalid,invalid,false,false,1,tensorop,f16,256,128,32,1,1,1,1,1,1,2,4,2,1,16,8,8,75,1024,126877696,30072111104,237,0.423485,279.027,71011
35,CUTLASS,gemm,cutlass_simt_hgemm_256x128_8x2_nn_align1,passed,success,universal,384,14336,4096,f16:column,f16:column,f16:column,f16:column,1,0,serial,4,1,heuristic,invalid,invalid,false,false,1,simt,f16,256,128,8,1,1,1,1,1,1,2,4,2,1,1,1,1,50,1024,131596288,45108166656,342,2.0683,59.2558,21809.3
35,CUTLASS,gemm,cutlass_tensorop_h884gemm_256x128_32x2_nn_align8,passed,success,universal,384,14336,4096,f16:column,f16:column,f16:column,f16:column,1,0,serial,4,1,heuristic,invalid,invalid,false,false,1,tensorop,f16,256,128,32,1,1,1,1,1,1,2,4,2,1,16,16,4,70,75,131596288,45108166656,342,0.925422,132.435,48743.3
35,CUTLASS,gemm,cutlass_tensorop_h1688gemm_256x128_32x2_nn_align8,passed,success,universal,384,14336,4096,f16:column,f16:column,f16:column,f16:column,1,0,serial,4,1,heuristic,invalid,invalid,false,false,1,tensorop,f16,256,128,32,1,1,1,1,1,1,2,4,2,1,16,8,8,75,1024,131596288,45108166656,342,0.598278,204.852,75396.6
36,CUTLASS,gemm,cutlass_simt_hgemm_256x128_8x2_nn_align1,passed,success,universal,512,14336,4096,f16:column,f16:column,f16:column,f16:column,1,0,serial,4,1,heuristic,invalid,invalid,false,false,1,simt,f16,256,128,8,1,1,1,1,1,1,2,4,2,1,1,1,1,50,1024,136314880,60144222208,441,2.73911,46.3483,21957.6
36,CUTLASS,gemm,cutlass_tensorop_h884gemm_256x128_32x2_nn_align8,passed,success,universal,512,14336,4096,f16:column,f16:column,f16:column,f16:column,1,0,serial,4,1,heuristic,invalid,invalid,false,false,1,tensorop,f16,256,128,32,1,1,1,1,1,1,2,4,2,1,16,16,4,70,75,136314880,60144222208,441,1.20842,105.057,49770.9
36,CUTLASS,gemm,cutlass_tensorop_h1688gemm_256x128_32x2_nn_align8,passed,success,universal,512,14336,4096,f16:column,f16:column,f16:column,f16:column,1,0,serial,4,1,heuristic,invalid,invalid,false,false,1,tensorop,f16,256,128,32,1,1,1,1,1,1,2,4,2,1,16,8,8,75,1024,136314880,60144222208,441,0.7629,166.409,78836.3
37,CUTLASS,gemm,cutlass_simt_hgemm_256x128_8x2_nn_align1,passed,success,universal,640,14336,4096,f16:column,f16:column,f16:column,f16:column,1,0,serial,4,1,heuristic,invalid,invalid,false,false,1,simt,f16,256,128,8,1,1,1,1,1,1,2,4,2,1,1,1,1,50,1024,141033472,75180277760,533,3.40522,38.5724,22077.9
37,CUTLASS,gemm,cutlass_tensorop_h884gemm_256x128_32x2_nn_align8,passed,success,universal,640,14336,4096,f16:column,f16:column,f16:column,f16:column,1,0,serial,4,1,heuristic,invalid,invalid,false,false,1,tensorop,f16,256,128,32,1,1,1,1,1,1,2,4,2,1,16,16,4,70,75,141033472,75180277760,533,1.51855,86.4956,49508
37,CUTLASS,gemm,cutlass_tensorop_h1688gemm_256x128_32x2_nn_align8,passed,success,universal,640,14336,4096,f16:column,f16:column,f16:column,f16:column,1,0,serial,4,1,heuristic,invalid,invalid,false,false,1,tensorop,f16,256,128,32,1,1,1,1,1,1,2,4,2,1,16,8,8,75,1024,141033472,75180277760,533,1.00182,131.11,75044
38,CUTLASS,gemm,cutlass_simt_hgemm_256x128_8x2_nn_align1,passed,success,universal,768,14336,4096,f16:column,f16:column,f16:column,f16:column,1,0,serial,4,1,heuristic,invalid,invalid,false,false,1,simt,f16,256,128,8,1,1,1,1,1,1,2,4,2,1,1,1,1,50,1024,145752064,90216333312,618,4.00846,33.864,22506.5
38,CUTLASS,gemm,cutlass_tensorop_h884gemm_256x128_32x2_nn_align8,passed,success,universal,768,14336,4096,f16:column,f16:column,f16:column,f16:column,1,0,serial,4,1,heuristic,invalid,invalid,false,false,1,tensorop,f16,256,128,32,1,1,1,1,1,1,2,4,2,1,16,16,4,70,75,145752064,90216333312,618,1.75055,77.5427,51536.1
38,CUTLASS,gemm,cutlass_tensorop_h1688gemm_256x128_32x2_nn_align8,passed,success,universal,768,14336,4096,f16:column,f16:column,f16:column,f16:column,1,0,serial,4,1,heuristic,invalid,invalid,false,false,1,tensorop,f16,256,128,32,1,1,1,1,1,1,2,4,2,1,16,8,8,75,1024,145752064,90216333312,618,1.11346,121.91,81023.4
39,CUTLASS,gemm,cutlass_simt_hgemm_256x128_8x2_nn_align1,passed,success,universal,896,14336,4096,f16:column,f16:column,f16:column,f16:column,1,0,serial,4,1,heuristic,invalid,invalid,false,false,1,simt,f16,256,128,8,1,1,1,1,1,1,2,4,2,1,1,1,1,50,1024,150470656,105252388864,699,4.71116,29.7457,22341.1
39,CUTLASS,gemm,cutlass_tensorop_h884gemm_256x128_32x2_nn_align8,passed,success,universal,896,14336,4096,f16:column,f16:column,f16:column,f16:column,1,0,serial,4,1,heuristic,invalid,invalid,false,false,1,tensorop,f16,256,128,32,1,1,1,1,1,1,2,4,2,1,16,16,4,70,75,150470656,105252388864,699,2.06386,67.9002,50997.8
39,CUTLASS,gemm,cutlass_tensorop_h1688gemm_256x128_32x2_nn_align8,passed,success,universal,896,14336,4096,f16:column,f16:column,f16:column,f16:column,1,0,serial,4,1,heuristic,invalid,invalid,false,false,1,tensorop,f16,256,128,32,1,1,1,1,1,1,2,4,2,1,16,8,8,75,1024,150470656,105252388864,699,1.28644,108.934,81816.6
40,CUTLASS,gemm,cutlass_simt_hgemm_256x128_8x2_nn_align1,passed,success,universal,1024,14336,4096,f16:column,f16:column,f16:column,f16:column,1,0,serial,4,1,heuristic,invalid,invalid,false,false,1,simt,f16,256,128,8,1,1,1,1,1,1,2,4,2,1,1,1,1,50,1024,155189248,120288444416,775,5.377,26.8795,22370.9
40,CUTLASS,gemm,cutlass_tensorop_h884gemm_256x128_32x2_nn_align8,passed,success,universal,1024,14336,4096,f16:column,f16:column,f16:column,f16:column,1,0,serial,4,1,heuristic,invalid,invalid,false,false,1,tensorop,f16,256,128,32,1,1,1,1,1,1,2,4,2,1,16,16,4,70,75,155189248,120288444416,775,2.38922,60.4931,50346.4
40,CUTLASS,gemm,cutlass_tensorop_h1688gemm_256x128_32x2_nn_align8,passed,success,universal,1024,14336,4096,f16:column,f16:column,f16:column,f16:column,1,0,serial,4,1,heuristic,invalid,invalid,false,false,1,tensorop,f16,256,128,32,1,1,1,1,1,1,2,4,2,1,16,8,8,75,1024,155189248,120288444416,775,1.4534,99.4433,82763.2
41,CUTLASS,gemm,cutlass_simt_hgemm_256x128_8x2_nn_align1,passed,success,universal,1152,14336,4096,f16:column,f16:column,f16:column,f16:column,1,0,serial,4,1,heuristic,invalid,invalid,false,false,1,simt,f16,256,128,8,1,1,1,1,1,1,2,4,2,1,1,1,1,50,1024,159907840,135324499968,846,6.1047,24.3953,22167.3
41,CUTLASS,gemm,cutlass_tensorop_h884gemm_256x128_32x2_nn_align8,passed,success,universal,1152,14336,4096,f16:column,f16:column,f16:column,f16:column,1,0,serial,4,1,heuristic,invalid,invalid,false,false,1,tensorop,f16,256,128,32,1,1,1,1,1,1,2,4,2,1,16,16,4,70,75,159907840,135324499968,846,2.68727,55.419,50357.6
41,CUTLASS,gemm,cutlass_tensorop_h1688gemm_256x128_32x2_nn_align8,passed,success,universal,1152,14336,4096,f16:column,f16:column,f16:column,f16:column,1,0,serial,4,1,heuristic,invalid,invalid,false,false,1,tensorop,f16,256,128,32,1,1,1,1,1,1,2,4,2,1,16,8,8,75,1024,159907840,135324499968,846,1.70136,87.5332,79538.9
42,CUTLASS,gemm,cutlass_simt_hgemm_256x128_8x2_nn_align1,passed,success,universal,1280,14336,4096,f16:column,f16:column,f16:column,f16:column,1,0,serial,4,1,heuristic,invalid,invalid,false,false,1,simt,f16,256,128,8,1,1,1,1,1,1,2,4,2,1,1,1,1,50,1024,164626432,150360555520,913,6.79266,22.5715,22135.7
42,CUTLASS,gemm,cutlass_tensorop_h884gemm_256x128_32x2_nn_align8,passed,success,universal,1280,14336,4096,f16:column,f16:column,f16:column,f16:column,1,0,serial,4,1,heuristic,invalid,invalid,false,false,1,tensorop,f16,256,128,32,1,1,1,1,1,1,2,4,2,1,16,16,4,70,75,164626432,150360555520,913,3.03161,50.5738,49597.5
42,CUTLASS,gemm,cutlass_tensorop_h1688gemm_256x128_32x2_nn_align8,passed,success,universal,1280,14336,4096,f16:column,f16:column,f16:column,f16:column,1,0,serial,4,1,heuristic,invalid,invalid,false,false,1,tensorop,f16,256,128,32,1,1,1,1,1,1,2,4,2,1,16,8,8,75,1024,164626432,150360555520,913,1.88025,81.5426,79968.5
43,CUTLASS,gemm,cutlass_simt_hgemm_256x128_8x2_nn_align1,passed,success,universal,1408,14336,4096,f16:column,f16:column,f16:column,f16:column,1,0,serial,4,1,heuristic,invalid,invalid,false,false,1,simt,f16,256,128,8,1,1,1,1,1,1,2,4,2,1,1,1,1,50,1024,169345024,165396611072,976,7.43903,21.201,22233.6
43,CUTLASS,gemm,cutlass_tensorop_h884gemm_256x128_32x2_nn_align8,passed,success,universal,1408,14336,4096,f16:column,f16:column,f16:column,f16:column,1,0,serial,4,1,heuristic,invalid,invalid,false,false,1,tensorop,f16,256,128,32,1,1,1,1,1,1,2,4,2,1,16,16,4,70,75,169345024,165396611072,976,3.3283,47.386,49694
43,CUTLASS,gemm,cutlass_tensorop_h1688gemm_256x128_32x2_nn_align8,passed,success,universal,1408,14336,4096,f16:column,f16:column,f16:column,f16:column,1,0,serial,4,1,heuristic,invalid,invalid,false,false,1,tensorop,f16,256,128,32,1,1,1,1,1,1,2,4,2,1,16,8,8,75,1024,169345024,165396611072,976,2.03426,77.5294,81305.6
44,CUTLASS,gemm,cutlass_simt_hgemm_256x128_8x2_nn_align1,passed,success,universal,1536,14336,4096,f16:column,f16:column,f16:column,f16:column,1,0,serial,4,1,heuristic,invalid,invalid,false,false,1,simt,f16,256,128,8,1,1,1,1,1,1,2,4,2,1,1,1,1,50,1024,174063616,180432666624,1036,8.07433,20.0771,22346.5
44,CUTLASS,gemm,cutlass_tensorop_h884gemm_256x128_32x2_nn_align8,passed,success,universal,1536,14336,4096,f16:column,f16:column,f16:column,f16:column,1,0,serial,4,1,heuristic,invalid,invalid,false,false,1,tensorop,f16,256,128,32,1,1,1,1,1,1,2,4,2,1,16,16,4,70,75,174063616,180432666624,1036,3.56266,45.5023,50645.4
44,CUTLASS,gemm,cutlass_tensorop_h1688gemm_256x128_32x2_nn_align8,passed,success,universal,1536,14336,4096,f16:column,f16:column,f16:column,f16:column,1,0,serial,4,1,heuristic,invalid,invalid,false,false,1,tensorop,f16,256,128,32,1,1,1,1,1,1,2,4,2,1,16,8,8,75,1024,174063616,180432666624,1036,2.24033,72.3597,80538.5
45,CUTLASS,gemm,cutlass_simt_hgemm_256x128_8x2_nn_align1,passed,success,universal,1664,14336,4096,f16:column,f16:column,f16:column,f16:column,1,0,serial,4,1,heuristic,invalid,invalid,false,false,1,simt,f16,256,128,8,1,1,1,1,1,1,2,4,2,1,1,1,1,50,1024,178782208,195468722176,1093,8.7791,18.9659,22265.2
45,CUTLASS,gemm,cutlass_tensorop_h884gemm_256x128_32x2_nn_align8,passed,success,universal,1664,14336,4096,f16:column,f16:column,f16:column,f16:column,1,0,serial,4,1,heuristic,invalid,invalid,false,false,1,tensorop,f16,256,128,32,1,1,1,1,1,1,2,4,2,1,16,16,4,70,75,178782208,195468722176,1093,3.89204,42.7806,50222.7
45,CUTLASS,gemm,cutlass_tensorop_h1688gemm_256x128_32x2_nn_align8,passed,success,universal,1664,14336,4096,f16:column,f16:column,f16:column,f16:column,1,0,serial,4,1,heuristic,invalid,invalid,false,false,1,tensorop,f16,256,128,32,1,1,1,1,1,1,2,4,2,1,16,8,8,75,1024,178782208,195468722176,1093,2.38849,69.711,81837.8
46,CUTLASS,gemm,cutlass_simt_hgemm_256x128_8x2_nn_align1,passed,success,universal,1792,14336,4096,f16:column,f16:column,f16:column,f16:column,1,0,serial,4,1,heuristic,invalid,invalid,false,false,1,simt,f16,256,128,8,1,1,1,1,1,1,2,4,2,1,1,1,1,50,1024,183500800,210504777728,1147,9.36528,18.2481,22477.1
46,CUTLASS,gemm,cutlass_tensorop_h884gemm_256x128_32x2_nn_align8,passed,success,universal,1792,14336,4096,f16:column,f16:column,f16:column,f16:column,1,0,serial,4,1,heuristic,invalid,invalid,false,false,1,tensorop,f16,256,128,32,1,1,1,1,1,1,2,4,2,1,16,16,4,70,75,183500800,210504777728,1147,4.18052,40.8797,50353.8
46,CUTLASS,gemm,cutlass_tensorop_h1688gemm_256x128_32x2_nn_align8,passed,success,universal,1792,14336,4096,f16:column,f16:column,f16:column,f16:column,1,0,serial,4,1,heuristic,invalid,invalid,false,false,1,tensorop,f16,256,128,32,1,1,1,1,1,1,2,4,2,1,16,8,8,75,1024,183500800,210504777728,1147,2.59097,65.9594,81245.7
47,CUTLASS,gemm,cutlass_simt_hgemm_256x128_8x2_nn_align1,passed,success,universal,1920,14336,4096,f16:column,f16:column,f16:column,f16:column,1,0,serial,4,1,heuristic,invalid,invalid,false,false,1,simt,f16,256,128,8,1,1,1,1,1,1,2,4,2,1,1,1,1,50,1024,188219392,225540833280,1198,10.0822,17.3863,22370.1
47,CUTLASS,gemm,cutlass_tensorop_h884gemm_256x128_32x2_nn_align8,passed,success,universal,1920,14336,4096,f16:column,f16:column,f16:column,f16:column,1,0,serial,4,1,heuristic,invalid,invalid,false,false,1,tensorop,f16,256,128,32,1,1,1,1,1,1,2,4,2,1,16,16,4,70,75,188219392,225540833280,1198,4.4185,39.6725,51044.7
47,CUTLASS,gemm,cutlass_tensorop_h1688gemm_256x128_32x2_nn_align8,passed,success,universal,1920,14336,4096,f16:column,f16:column,f16:column,f16:column,1,0,serial,4,1,heuristic,invalid,invalid,false,false,1,tensorop,f16,256,128,32,1,1,1,1,1,1,2,4,2,1,16,8,8,75,1024,188219392,225540833280,1198,2.78256,62.9971,81055.3
48,CUTLASS,gemm,cutlass_simt_hgemm_256x128_8x2_nn_align1,passed,success,universal,2048,14336,4096,f16:column,f16:column,f16:column,f16:column,1,0,serial,4,1,heuristic,invalid,invalid,false,false,1,simt,f16,256,128,8,1,1,1,1,1,1,2,4,2,1,1,1,1,50,1024,192937984,240576888832,1246,10.7555,16.7066,22367.9
48,CUTLASS,gemm,cutlass_tensorop_h884gemm_256x128_32x2_nn_align8,passed,success,universal,2048,14336,4096,f16:column,f16:column,f16:column,f16:column,1,0,serial,4,1,heuristic,invalid,invalid,false,false,1,tensorop,f16,256,128,32,1,1,1,1,1,1,2,4,2,1,16,16,4,70,75,192937984,240576888832,1246,4.75933,37.7548,50548.5
48,CUTLASS,gemm,cutlass_tensorop_h1688gemm_256x128_32x2_nn_align8,passed,success,universal,2048,14336,4096,f16:column,f16:column,f16:column,f16:column,1,0,serial,4,1,heuristic,invalid,invalid,false,false,1,tensorop,f16,256,128,32,1,1,1,1,1,1,2,4,2,1,16,8,8,75,1024,192937984,240576888832,1246,2.92345,61.4643,82292.2
49,CUTLASS,gemm,cutlass_simt_hgemm_256x128_8x2_nn_align1,passed,success,universal,128,14336,4096,f16:column,f16:column,f16:column,f16:column,1,0,serial,8,1,heuristic,invalid,invalid,false,false,1,simt,f16,256,128,8,1,1,1,1,1,1,2,4,2,1,1,1,1,50,1024,122159104,15036055552,123,0.797348,142.685,18857.6
49,CUTLASS,gemm,cutlass_tensorop_h884gemm_256x128_32x2_nn_align8,passed,success,universal,128,14336,4096,f16:column,f16:column,f16:column,f16:column,1,0,serial,8,1,heuristic,invalid,invalid,false,false,1,tensorop,f16,256,128,32,1,1,1,1,1,1,2,4,2,1,16,16,4,70,75,122159104,15036055552,123,0.376663,302.046,39919.2
49,CUTLASS,gemm,cutlass_tensorop_h1688gemm_256x128_32x2_nn_align8,passed,success,universal,128,14336,4096,f16:column,f16:column,f16:column,f16:column,1,0,serial,8,1,heuristic,invalid,invalid,false,false,1,tensorop,f16,256,128,32,1,1,1,1,1,1,2,4,2,1,16,8,8,75,1024,122159104,15036055552,123,0.314251,362.034,47847.3
50,CUTLASS,gemm,cutlass_simt_hgemm_256x128_8x2_nn_align1,passed,success,universal,256,14336,4096,f16:column,f16:column,f16:column,f16:column,1,0,serial,8,1,heuristic,invalid,invalid,false,false,1,simt,f16,256,128,8,1,1,1,1,1,1,2,4,2,1,1,1,1,50,1024,126877696,30072111104,237,1.4256,82.8874,21094.4
50,CUTLASS,gemm,cutlass_tensorop_h884gemm_256x128_32x2_nn_align8,passed,success,universal,256,14336,4096,f16:column,f16:column,f16:column,f16:column,1,0,serial,8,1,heuristic,invalid,invalid,false,false,1,tensorop,f16,256,128,32,1,1,1,1,1,1,2,4,2,1,16,16,4,70,75,126877696,30072111104,237,0.669443,176.511,44921.1
50,CUTLASS,gemm,cutlass_tensorop_h1688gemm_256x128_32x2_nn_align8,passed,success,universal,256,14336,4096,f16:column,f16:column,f16:column,f16:column,1,0,serial,8,1,heuristic,invalid,invalid,false,false,1,tensorop,f16,256,128,32,1,1,1,1,1,1,2,4,2,1,16,8,8,75,1024,126877696,30072111104,237,0.475818,248.339,63200.9
51,CUTLASS,gemm,cutlass_simt_hgemm_256x128_8x2_nn_align1,passed,success,universal,384,14336,4096,f16:column,f16:column,f16:column,f16:column,1,0,serial,8,1,heuristic,invalid,invalid,false,false,1,simt,f16,256,128,8,1,1,1,1,1,1,2,4,2,1,1,1,1,50,1024,131596288,45108166656,342,2.15609,56.8429,20921.2
51,CUTLASS,gemm,cutlass_tensorop_h884gemm_256x128_32x2_nn_align8,passed,success,universal,384,14336,4096,f16:column,f16:column,f16:column,f16:column,1,0,serial,8,1,heuristic,invalid,invalid,false,false,1,tensorop,f16,256,128,32,1,1,1,1,1,1,2,4,2,1,16,16,4,70,75,131596288,45108166656,342,0.981893,124.819,45940
51,CUTLASS,gemm,cutlass_tensorop_h1688gemm_256x128_32x2_nn_align8,passed,success,universal,384,14336,4096,f16:column,f16:column,f16:column,f16:column,1,0,serial,8,1,heuristic,invalid,invalid,false,false,1,tensorop,f16,256,128,32,1,1,1,1,1,1,2,4,2,1,16,8,8,75,1024,131596288,45108166656,342,0.673154,182.066,67010.2
52,CUTLASS,gemm,cutlass_simt_hgemm_256x128_8x2_nn_align1,passed,success,universal,512,14336,4096,f16:column,f16:column,f16:column,f16:column,1,0,serial,8,1,heuristic,invalid,invalid,false,false,1,simt,f16,256,128,8,1,1,1,1,1,1,2,4,2,1,1,1,1,50,1024,136314880,60144222208,441,2.83574,44.7689,21209.3
52,CUTLASS,gemm,cutlass_tensorop_h884gemm_256x128_32x2_nn_align8,passed,success,universal,512,14336,4096,f16:column,f16:column,f16:column,f16:column,1,0,serial,8,1,heuristic,invalid,invalid,false,false,1,tensorop,f16,256,128,32,1,1,1,1,1,1,2,4,2,1,16,16,4,70,75,136314880,60144222208,441,1.30706,97.1286,46014.8
52,CUTLASS,gemm,cutlass_tensorop_h1688gemm_256x128_32x2_nn_align8,passed,success,universal,512,14336,4096,f16:column,f16:column,f16:column,f16:column,1,0,serial,8,1,heuristic,invalid,invalid,false,false,1,tensorop,f16,256,128,32,1,1,1,1,1,1,2,4,2,1,16,8,8,75,1024,136314880,60144222208,441,0.875909,144.939,68664.9
53,CUTLASS,gemm,cutlass_simt_hgemm_256x128_8x2_nn_align1,passed,success,universal,640,14336,4096,f16:column,f16:column,f16:column,f16:column,1,0,serial,8,1,heuristic,invalid,invalid,false,false,1,simt,f16,256,128,8,1,1,1,1,1,1,2,4,2,1,1,1,1,50,1024,141033472,75180277760,533,3.56925,36.7997,21063.3
53,CUTLASS,gemm,cutlass_tensorop_h884gemm_256x128_32x2_nn_align8,passed,success,universal,640,14336,4096,f16:column,f16:column,f16:column,f16:column,1,0,serial,8,1,heuristic,invalid,invalid,false,false,1,tensorop,f16,256,128,32,1,1,1,1,1,1,2,4,2,1,16,16,4,70,75,141033472,75180277760,533,1.61724,81.2169,46486.7
53,CUTLASS,gemm,cutlass_tensorop_h1688gemm_256x128_32x2_nn_align8,passed,success,universal,640,14336,4096,f16:column,f16:column,f16:column,f16:column,1,0,serial,8,1,heuristic,invalid,invalid,false,false,1,tensorop,f16,256,128,32,1,1,1,1,1,1,2,4,2,1,16,8,8,75,1024,141033472,75180277760,533,1.19305,110.094,63015.2
54,CUTLASS,gemm,cutlass_simt_hgemm_256x128_8x2_nn_align1,passed,success,universal,768,14336,4096,f16:column,f16:column,f16:column,f16:column,1,0,serial,8,1,heuristic,invalid,invalid,false,false,1,simt,f16,256,128,8,1,1,1,1,1,1,2,4,2,1,1,1,1,50,1024,145752064,90216333312,618,4.30576,31.5257,20952.5
54,CUTLASS,gemm,cutlass_tensorop_h884gemm_256x128_32x2_nn_align8,passed,success,universal,768,14336,4096,f16:column,f16:column,f16:column,f16:column,1,0,serial,8,1,heuristic,invalid,invalid,false,false,1,tensorop,f16,256,128,32,1,1,1,1,1,1,2,4,2,1,16,16,4,70,75,145752064,90216333312,618,1.92803,70.4045,46791.9
54,CUTLASS,gemm,cutlass_tensorop_h1688gemm_256x128_32x2_nn_align8,passed,success,universal,768,14336,4096,f16:column,f16:column,f16:column,f16:column,1,0,serial,8,1,heuristic,invalid,invalid,false,false,1,tensorop,f16,256,128,32,1,1,1,1,1,1,2,4,2,1,16,8,8,75,1024,145752064,90216333312,618,1.32366,102.55,68156.6
55,CUTLASS,gemm,cutlass_simt_hgemm_256x128_8x2_nn_align1,passed,success,universal,896,14336,4096,f16:column,f16:column,f16:column,f16:column,1,0,serial,8,1,heuristic,invalid,invalid,false,false,1,simt,f16,256,128,8,1,1,1,1,1,1,2,4,2,1,1,1,1,50,1024,150470656,105252388864,699,4.92195,28.4718,21384.3
55,CUTLASS,gemm,cutlass_tensorop_h884gemm_256x128_32x2_nn_align8,passed,success,universal,896,14336,4096,f16:column,f16:column,f16:column,f16:column,1,0,serial,8,1,heuristic,invalid,invalid,false,false,1,tensorop,f16,256,128,32,1,1,1,1,1,1,2,4,2,1,16,16,4,70,75,150470656,105252388864,699,2.22476,62.9896,47309.6
55,CUTLASS,gemm,cutlass_tensorop_h1688gemm_256x128_32x2_nn_align8,passed,success,universal,896,14336,4096,f16:column,f16:column,f16:column,f16:column,1,0,serial,8,1,heuristic,invalid,invalid,false,false,1,tensorop,f16,256,128,32,1,1,1,1,1,1,2,4,2,1,16,8,8,75,1024,150470656,105252388864,699,1.57691,88.8681,66746.1
56,CUTLASS,gemm,cutlass_simt_hgemm_256x128_8x2_nn_align1,passed,success,universal,1024,14336,4096,f16:column,f16:column,f16:column,f16:column,1,0,serial,8,1,heuristic,invalid,invalid,false,false,1,simt,f16,256,128,8,1,1,1,1,1,1,2,4,2,1,1,1,1,50,1024,155189248,120288444416,775,5.66781,25.5004,21223.1
56,CUTLASS,gemm,cutlass_tensorop_h884gemm_256x128_32x2_nn_align8,passed,success,universal,1024,14336,4096,f16:column,f16:column,f16:column,f16:column,1,0,serial,8,1,heuristic,invalid,invalid,false,false,1,tensorop,f16,256,128,32,1,1,1,1,1,1,2,4,2,1,16,16,4,70,75,155189248,120288444416,775,2.57928,56.0356,46636.5
56,CUTLASS,gemm,cutlass_tensorop_h1688gemm_256x128_32x2_nn_align8,passed,success,universal,1024,14336,4096,f16:column,f16:column,f16:column,f16:column,1,0,serial,8,1,heuristic,invalid,invalid,false,false,1,tensorop,f16,256,128,32,1,1,1,1,1,1,2,4,2,1,16,8,8,75,1024,155189248,120288444416,775,1.67502,86.2865,71813.3
57,CUTLASS,gemm,cutlass_simt_hgemm_256x128_8x2_nn_align1,passed,success,universal,1152,14336,4096,f16:column,f16:column,f16:column,f16:column,1,0,serial,8,1,heuristic,invalid,invalid,false,false,1,simt,f16,256,128,8,1,1,1,1,1,1,2,4,2,1,1,1,1,50,1024,159907840,135324499968,846,6.41091,23.23,21108.5
57,CUTLASS,gemm,cutlass_tensorop_h884gemm_256x128_32x2_nn_align8,passed,success,universal,1152,14336,4096,f16:column,f16:column,f16:column,f16:column,1,0,serial,8,1,heuristic,invalid,invalid,false,false,1,tensorop,f16,256,128,32,1,1,1,1,1,1,2,4,2,1,16,16,4,70,75,159907840,135324499968,846,2.917,51.0544,46391.6
57,CUTLASS,gemm,cutlass_tensorop_h1688gemm_256x128_32x2_nn_align8,passed,success,universal,1152,14336,4096,f16:column,f16:column,f16:column,f16:column,1,0,serial,8,1,heuristic,invalid,invalid,false,false,1,tensorop,f16,256,128,32,1,1,1,1,1,1,2,4,2,1,16,8,8,75,1024,159907840,135324499968,846,2.01376,73.954,67199.8
58,CUTLASS,gemm,cutlass_simt_hgemm_256x128_8x2_nn_align1,passed,success,universal,1280,14336,4096,f16:column,f16:column,f16:column,f16:column,1,0,serial,8,1,heuristic,invalid,invalid,false,false,1,simt,f16,256,128,8,1,1,1,1,1,1,2,4,2,1,1,1,1,50,1024,164626432,150360555520,913,7.14416,21.4609,21046.6
58,CUTLASS,gemm,cutlass_tensorop_h884gemm_256x128_32x2_nn_align8,passed,success,universal,1280,14336,4096,f16:column,f16:column,f16:column,f16:column,1,0,serial,8,1,heuristic,invalid,invalid,false,false,1,tensorop,f16,256,128,32,1,1,1,1,1,1,2,4,2,1,16,16,4,70,75,164626432,150360555520,913,3.25792,47.0608,46152.4
58,CUTLASS,gemm,cutlass_tensorop_h1688gemm_256x128_32x2_nn_align8,passed,success,universal,1280,14336,4096,f16:column,f16:column,f16:column,f16:column,1,0,serial,8,1,heuristic,invalid,invalid,false,false,1,tensorop,f16,256,128,32,1,1,1,1,1,1,2,4,2,1,16,8,8,75,1024,164626432,150360555520,913,2.24893,68.1749,66858.8
59,CUTLASS,gemm,cutlass_simt_hgemm_256x128_8x2_nn_align1,passed,success,universal,1408,14336,4096,f16:column,f16:column,f16:column,f16:column,1,0,serial,8,1,heuristic,invalid,invalid,false,false,1,simt,f16,256,128,8,1,1,1,1,1,1,2,4,2,1,1,1,1,50,1024,169345024,165396611072,976,7.81971,20.1689,21151.2
59,CUTLASS,gemm,cutlass_tensorop_h884gemm_256x128_32x2_nn_align8,passed,success,universal,1408,14336,4096,f16:column,f16:column,f16:column,f16:column,1,0,serial,8,1,heuristic,invalid,invalid,false,false,1,tensorop,f16,256,128,32,1,1,1,1,1,1,2,4,2,1,16,16,4,70,75,169345024,165396611072,976,3.57913,44.0652,46211.4
59,CUTLASS,gemm,cutlass_tensorop_h1688gemm_256x128_32x2_nn_align8,passed,success,universal,1408,14336,4096,f16:column,f16:column,f16:column,f16:column,1,0,serial,8,1,heuristic,invalid,invalid,false,false,1,tensorop,f16,256,128,32,1,1,1,1,1,1,2,4,2,1,16,8,8,75,1024,169345024,165396611072,976,2.37969,66.2753,69503.3
60,CUTLASS,gemm,cutlass_simt_hgemm_256x128_8x2_nn_align1,passed,success,universal,1536,14336,4096,f16:column,f16:column,f16:column,f16:column,1,0,serial,8,1,heuristic,invalid,invalid,false,false,1,simt,f16,256,128,8,1,1,1,1,1,1,2,4,2,1,1,1,1,50,1024,174063616,180432666624,1036,8.55205,18.9556,21098.2
60,CUTLASS,gemm,cutlass_tensorop_h884gemm_256x128_32x2_nn_align8,passed,success,universal,1536,14336,4096,f16:column,f16:column,f16:column,f16:column,1,0,serial,8,1,heuristic,invalid,invalid,false,false,1,tensorop,f16,256,128,32,1,1,1,1,1,1,2,4,2,1,16,16,4,70,75,174063616,180432666624,1036,3.87811,41.8011,46525.9
60,CUTLASS,gemm,cutlass_tensorop_h1688gemm_256x128_32x2_nn_align8,passed,success,universal,1536,14336,4096,f16:column,f16:column,f16:column,f16:column,1,0,serial,8,1,heuristic,invalid,invalid,false,false,1,tensorop,f16,256,128,32,1,1,1,1,1,1,2,4,2,1,16,8,8,75,1024,174063616,180432666624,1036,2.60658,62.1923,69222
61,CUTLASS,gemm,cutlass_simt_hgemm_256x128_8x2_nn_align1,passed,success,universal,1664,14336,4096,f16:column,f16:column,f16:column,f16:column,1,0,serial,8,1,heuristic,invalid,invalid,false,false,1,simt,f16,256,128,8,1,1,1,1,1,1,2,4,2,1,1,1,1,50,1024,178782208,195468722176,1093,9.23149,18.0365,21174.1
61,CUTLASS,gemm,cutlass_tensorop_h884gemm_256x128_32x2_nn_align8,passed,success,universal,1664,14336,4096,f16:column,f16:column,f16:column,f16:column,1,0,serial,8,1,heuristic,invalid,invalid,false,false,1,tensorop,f16,256,128,32,1,1,1,1,1,1,2,4,2,1,16,16,4,70,75,178782208,195468722176,1093,4.2042,39.6042,46493.6
61,CUTLASS,gemm,cutlass_tensorop_h1688gemm_256x128_32x2_nn_align8,passed,success,universal,1664,14336,4096,f16:column,f16:column,f16:column,f16:column,1,0,serial,8,1,heuristic,invalid,invalid,false,false,1,tensorop,f16,256,128,32,1,1,1,1,1,1,2,4,2,1,16,8,8,75,1024,178782208,195468722176,1093,2.7854,59.7773,70176.1
62,CUTLASS,gemm,cutlass_simt_hgemm_256x128_8x2_nn_align1,passed,success,universal,1792,14336,4096,f16:column,f16:column,f16:column,f16:column,1,0,serial,8,1,heuristic,invalid,invalid,false,false,1,simt,f16,256,128,8,1,1,1,1,1,1,2,4,2,1,1,1,1,50,1024,183500800,210504777728,1147,9.92557,17.218,21208.3
62,CUTLASS,gemm,cutlass_tensorop_h884gemm_256x128_32x2_nn_align8,passed,success,universal,1792,14336,4096,f16:column,f16:column,f16:column,f16:column,1,0,serial,8,1,heuristic,invalid,invalid,false,false,1,tensorop,f16,256,128,32,1,1,1,1,1,1,2,4,2,1,16,16,4,70,75,183500800,210504777728,1147,4.50654,37.9223,46710.9
62,CUTLASS,gemm,cutlass_tensorop_h1688gemm_256x128_32x2_nn_align8,passed,success,universal,1792,14336,4096,f16:column,f16:column,f16:column,f16:column,1,0,serial,8,1,heuristic,invalid,invalid,false,false,1,tensorop,f16,256,128,32,1,1,1,1,1,1,2,4,2,1,16,8,8,75,1024,183500800,210504777728,1147,3.0206,56.5777,69689.8
63,CUTLASS,gemm,cutlass_simt_hgemm_256x128_8x2_nn_align1,passed,success,universal,1920,14336,4096,f16:column,f16:column,f16:column,f16:column,1,0,serial,8,1,heuristic,invalid,invalid,false,false,1,simt,f16,256,128,8,1,1,1,1,1,1,2,4,2,1,1,1,1,50,1024,188219392,225540833280,1198,10.6663,16.4342,21145.1
63,CUTLASS,gemm,cutlass_tensorop_h884gemm_256x128_32x2_nn_align8,passed,success,universal,1920,14336,4096,f16:column,f16:column,f16:column,f16:column,1,0,serial,8,1,heuristic,invalid,invalid,false,false,1,tensorop,f16,256,128,32,1,1,1,1,1,1,2,4,2,1,16,16,4,70,75,188219392,225540833280,1198,4.83129,36.2828,46683.3
63,CUTLASS,gemm,cutlass_tensorop_h1688gemm_256x128_32x2_nn_align8,passed,success,universal,1920,14336,4096,f16:column,f16:column,f16:column,f16:column,1,0,serial,8,1,heuristic,invalid,invalid,false,false,1,tensorop,f16,256,128,32,1,1,1,1,1,1,2,4,2,1,16,8,8,75,1024,188219392,225540833280,1198,3.40656,51.4575,66207.8
64,CUTLASS,gemm,cutlass_simt_hgemm_256x128_8x2_nn_align1,passed,success,universal,2048,14336,4096,f16:column,f16:column,f16:column,f16:column,1,0,serial,8,1,heuristic,invalid,invalid,false,false,1,simt,f16,256,128,8,1,1,1,1,1,1,2,4,2,1,1,1,1,50,1024,192937984,240576888832,1246,11.3404,15.845,21214.2
64,CUTLASS,gemm,cutlass_tensorop_h884gemm_256x128_32x2_nn_align8,passed,success,universal,2048,14336,4096,f16:column,f16:column,f16:column,f16:column,1,0,serial,8,1,heuristic,invalid,invalid,false,false,1,tensorop,f16,256,128,32,1,1,1,1,1,1,2,4,2,1,16,16,4,70,75,192937984,240576888832,1246,5.17101,34.749,46524.2
64,CUTLASS,gemm,cutlass_tensorop_h1688gemm_256x128_32x2_nn_align8,passed,success,universal,2048,14336,4096,f16:column,f16:column,f16:column,f16:column,1,0,serial,8,1,heuristic,invalid,invalid,false,false,1,tensorop,f16,256,128,32,1,1,1,1,1,1,2,4,2,1,16,8,8,75,1024,192937984,240576888832,1246,3.39912,52.8629,70776.2
