batch_size,N,K,library,tflops
128,512,512,cublas,6.18446
256,512,512,cublas,8.52986
384,512,512,cublas,11.3815
512,512,512,cublas,14.3177
640,512,512,cublas,16.9237
768,512,512,cublas,20.668
896,512,512,cublas,23.7024
1024,512,512,cublas,25.7398
1152,512,512,cublas,29.493
1280,512,512,cublas,34.8799
1408,512,512,cublas,37.0183
1536,512,512,cublas,40.2196
1664,512,512,cublas,44.3488
1792,512,512,cublas,46.9146
1920,512,512,cublas,50.6509
2048,512,512,cublas,52.6509
128,4096,4096,cublas,56.888
256,4096,4096,cublas,85.3688
384,4096,4096,cublas,73.2548
512,4096,4096,cublas,95.1833
640,4096,4096,cublas,66.8578
768,4096,4096,cublas,79.7621
896,4096,4096,cublas,73.8024
1024,4096,4096,cublas,84.4821
1152,4096,4096,cublas,99.804
1280,4096,4096,cublas,85.1746
1408,4096,4096,cublas,88.1671
1536,4096,4096,cublas,95.1013
1664,4096,4096,cublas,100.786
1792,4096,4096,cublas,85.9057
1920,4096,4096,cublas,91.0411
2048,4096,4096,cublas,94.7195
128,14336,4096,cublas,59.43
256,14336,4096,cublas,73.804
384,14336,4096,cublas,85.4824
512,14336,4096,cublas,86.8895
640,14336,4096,cublas,95.8121
768,14336,4096,cublas,97.9925
896,14336,4096,cublas,96.2595
1024,14336,4096,cublas,95.9875
1152,14336,4096,cublas,100.353
1280,14336,4096,cublas,101.546
1408,14336,4096,cublas,100.135
1536,14336,4096,cublas,98.8399
1664,14336,4096,cublas,96.7629
1792,14336,4096,cublas,100.328
1920,14336,4096,cublas,100.515
2048,14336,4096,cublas,99.6682
128,4096,1024,cublas,36.29
256,4096,1024,cublas,65.0179
384,4096,1024,cublas,68.2283
512,4096,1024,cublas,86.9162
640,4096,1024,cublas,70.69
768,4096,1024,cublas,71.9196
896,4096,1024,cublas,82.6714
1024,4096,1024,cublas,93.7245
1152,4096,1024,cublas,103.257
1280,4096,1024,cublas,83.7044
1408,4096,1024,cublas,90.9722
1536,4096,1024,cublas,92.2262
1664,4096,1024,cublas,99.514
1792,4096,1024,cublas,86.6593
1920,4096,1024,cublas,92.1171
2048,4096,1024,cublas,89.0057
128,1024,4096,cublas,32.7466
256,1024,4096,cublas,52.5195
384,1024,4096,cublas,64.6268
512,1024,4096,cublas,60.904
640,1024,4096,cublas,67.955
768,1024,4096,cublas,88.4361
896,1024,4096,cublas,87.2878
1024,1024,4096,cublas,73.5315
1152,1024,4096,cublas,79.8851
1280,1024,4096,cublas,83.2525
1408,1024,4096,cublas,71.2869
1536,1024,4096,cublas,76.8614
1664,1024,4096,cublas,65.8446
1792,1024,4096,cublas,70.6829
1920,1024,4096,cublas,75.5937
2048,1024,4096,cublas,81.3975
128,512,512,cutlass,3.01492
128,1024,4096,cutlass,20.2102
128,4096,1024,cutlass,32.0884
128,4096,4096,cutlass,54.406400000000005
128,14336,4096,cutlass,68.5643
256,512,512,cutlass,5.92326
256,1024,4096,cutlass,39.717699999999994
256,4096,1024,cutlass,61.088699999999996
256,4096,4096,cutlass,86.375
256,14336,4096,cutlass,78.72760000000001
384,512,512,cutlass,8.82741
384,1024,4096,cutlass,55.7296
384,4096,1024,cutlass,58.498
384,4096,4096,cutlass,84.233
384,14336,4096,cutlass,81.1341
512,512,512,cutlass,11.820200000000002
512,1024,4096,cutlass,73.2644
512,4096,1024,cutlass,75.70139999999999
512,4096,4096,cutlass,101.298
512,14336,4096,cutlass,81.2395
640,512,512,cutlass,14.5146
640,1024,4096,cutlass,67.57910000000001
640,4096,1024,cutlass,58.091699999999996
640,4096,4096,cutlass,74.987
640,14336,4096,cutlass,88.5217
768,512,512,cutlass,17.8112
768,1024,4096,cutlass,77.3047
768,4096,1024,cutlass,70.99889999999999
768,4096,4096,cutlass,90.22210000000001
768,14336,4096,cutlass,90.32289999999999
896,512,512,cutlass,20.4064
896,1024,4096,cutlass,83.1275
896,4096,1024,cutlass,81.91460000000001
896,4096,4096,cutlass,85.03989999999999
896,14336,4096,cutlass,88.6595
1024,512,512,cutlass,23.389400000000002
1024,1024,4096,cutlass,93.2085
1024,4096,1024,cutlass,92.33019999999999
1024,4096,4096,cutlass,97.2333
1024,14336,4096,cutlass,87.9322
1152,512,512,cutlass,25.8283
1152,1024,4096,cutlass,102.593
1152,4096,1024,cutlass,97.7183
1152,4096,4096,cutlass,100.404
1152,14336,4096,cutlass,92.23110000000001
1280,512,512,cutlass,28.512
1280,1024,4096,cutlass,75.7709
1280,4096,1024,cutlass,75.43480000000001
1280,4096,4096,cutlass,82.9248
1280,14336,4096,cutlass,90.9388
1408,512,512,cutlass,31.680400000000002
1408,1024,4096,cutlass,81.6712
1408,4096,1024,cutlass,83.6865
1408,4096,4096,cutlass,90.2054
1408,14336,4096,cutlass,90.37660000000001
1536,512,512,cutlass,34.1652
1536,1024,4096,cutlass,87.22319999999999
1536,4096,1024,cutlass,88.6122
1536,4096,4096,cutlass,90.9465
1536,14336,4096,cutlass,89.967
1664,512,512,cutlass,36.7638
1664,1024,4096,cutlass,90.1394
1664,4096,1024,cutlass,93.9761
1664,4096,4096,cutlass,95.1041
1664,14336,4096,cutlass,88.8029
1792,512,512,cutlass,39.3708
1792,1024,4096,cutlass,89.72160000000001
1792,4096,1024,cutlass,79.4189
1792,4096,4096,cutlass,83.1821
1792,14336,4096,cutlass,93.5834
1920,512,512,cutlass,41.4545
1920,1024,4096,cutlass,94.4008
1920,4096,1024,cutlass,81.1546
1920,4096,4096,cutlass,85.9765
1920,14336,4096,cutlass,91.83619999999999
2048,512,512,cutlass,44.204800000000006
2048,1024,4096,cutlass,100.167
2048,4096,1024,cutlass,89.8687
2048,4096,4096,cutlass,89.372
2048,14336,4096,cutlass,91.3518
